destination,settled_approx,concept,notes
United States,800000,settled_admin,"CBP/DHS administrative settled-status approx 2020–2025; not ACS stock; not encounter counts"
Spain,135000,settled,"INE padron / residence approx"
Uruguay,35000,settled,"Interior ministry residences approx"
Rest of world,80000,settled,"Dominican Republic, Mexico/Brazil settled, Serbia/Russia routes, etc. (non-US residual)"
Non-US total,250000,settled,"spain + uruguay + rest; must equal this row"
Total floor,1050000,settled,"us + non_us_total; avoids transit double-counting"
United States encounters 2022–2024,850000,encounters,"Do not add to settled ledger without labeling"
United States ACS Cuban-born rise 2019–2024,335000,acs_stock_change,"Lower ACS floor; do not equate to admin settled"
Spain nationality applications,300000,applications,"Many applicants still in Cuba; do not add to settled floor"
